sep=,
DeviceTag:,3-Perna
FirmwareVersion:,3.0.0
AppVersion:,2023.6.0
SyncStatus:,Synced
OutputRate:,60Hz
FilterProfile:,General
Measurement Mode:,Sensor fusion Mode - Complete(Euler)
StartTime: ,2025-05-07_16:57:39_098 WEST
Â© Movella Technologies B. V. 2005-2025

PacketCounter,SampleTimeFine,Euler_X,Euler_Y,Euler_Z,FreeAcc_X,FreeAcc_Y,FreeAcc_Z
1,2170958732,-25.471437,-76.609848,84.245522,-0.028008,-0.259441,0.195257
2,2170975399,-25.578140,-76.599693,84.340218,0.002075,-0.288147,0.227628
3,2170992066,-25.700256,-76.591560,84.449860,-0.060512,-0.318538,0.189602
4,2171008733,-25.851435,-76.582298,84.586220,-0.111774,-0.251494,0.203953
5,2171025400,-26.038069,-76.569397,84.745903,-0.132018,-0.265056,0.220208
6,2171042067,-26.251814,-76.555336,84.921127,-0.082177,-0.248651,0.207909
7,2171058734,-26.485182,-76.539330,85.116119,0.015531,-0.267599,0.194859
8,2171075401,-26.727812,-76.524002,85.321838,-0.000494,-0.264798,0.212029
9,2171092068,-26.971117,-76.507233,85.515335,0.060321,-0.254251,0.200026
10,2171108735,-27.216187,-76.490234,85.702202,0.131583,-0.276347,0.194886
11,2171125402,-27.440790,-76.471664,85.873856,0.196667,-0.270920,0.187329
12,2171142069,-27.643316,-76.456329,86.027664,0.200747,-0.291064,0.180768
13,2171158736,-27.823940,-76.441376,86.170380,0.195009,-0.312064,0.202759
14,2171175403,-27.985744,-76.427956,86.300034,0.146421,-0.274800,0.200940
15,2171192070,-28.123438,-76.414803,86.413124,0.161210,-0.287278,0.188050
16,2171208737,-28.239763,-76.399910,86.506523,0.129295,-0.285059,0.207206
17,2171225404,-28.346107,-76.386612,86.591728,0.123474,-0.263941,0.204618
18,2171242071,-28.443779,-76.374268,86.671005,0.096733,-0.273212,0.192288
19,2171258738,-28.534433,-76.363197,86.747871,0.048095,-0.263098,0.205634
20,2171275405,-28.625109,-76.352745,86.823349,0.014474,-0.262426,0.198346
21,2171292072,-28.727312,-76.342934,86.908279,-0.024686,-0.283935,0.199964
22,2171308739,-28.838367,-76.333092,86.992615,-0.055742,-0.295553,0.216552
23,2171325406,-28.978672,-76.327461,87.092087,-0.109995,-0.311415,0.203580
24,2171342073,-29.143072,-76.320473,87.200500,-0.053578,-0.243718,0.192451
25,2171358740,-29.323669,-76.312294,87.316589,0.029283,-0.253202,0.217167
26,2171375407,-29.498579,-76.302895,87.429962,0.072223,-0.223316,0.197633
27,2171392074,-29.662388,-76.291428,87.540833,0.130612,-0.256012,0.213799
28,2171408741,-29.818295,-76.279892,87.653435,0.101439,-0.265514,0.180757
29,2171425408,-29.951237,-76.268295,87.745575,0.078501,-0.250377,0.196387
30,2171442075,-30.072906,-76.254860,87.823296,0.090270,-0.294590,0.209546
31,2171458742,-30.185263,-76.240211,87.897392,0.142272,-0.240764,0.190585
32,2171475409,-30.271173,-76.229820,87.955742,0.160397,-0.243881,0.195768
33,2171492076,-30.341986,-76.220139,88.009338,0.136614,-0.262304,0.189021
34,2171508743,-30.401791,-76.211182,88.053322,0.069617,-0.251632,0.195081
35,2171525410,-30.461060,-76.201012,88.096359,0.000057,-0.282789,0.220441
36,2171542077,-30.529444,-76.189919,88.143814,-0.021029,-0.271889,0.213435
37,2171558744,-30.607307,-76.179070,88.200768,-0.018517,-0.248622,0.200288
38,2171575411,-30.708958,-76.167686,88.277122,-0.071908,-0.240534,0.191903
39,2171592078,-30.815239,-76.156967,88.363861,0.025684,-0.239204,0.225439
40,2171608745,-30.937151,-76.144333,88.457047,-0.103227,-0.226067,0.216547
41,2171625412,-31.077364,-76.128098,88.555901,-0.004618,-0.202033,0.194773
42,2171642079,-31.207596,-76.113510,88.650230,0.059869,-0.248922,0.214787
43,2171658746,-31.331144,-76.097816,88.737534,0.087609,-0.279330,0.183730
44,2171675413,-31.446987,-76.083588,88.816116,0.088676,-0.243643,0.192524
45,2171692080,-31.545954,-76.068893,88.877861,0.137721,-0.245771,0.201610
46,2171708747,-31.622047,-76.055183,88.921486,0.167929,-0.271918,0.179204
47,2171725414,-31.682814,-76.043831,88.957191,0.169527,-0.292544,0.192977
48,2171742081,-31.711288,-76.034630,88.964287,0.195622,-0.262824,0.196632
49,2171758748,-31.716599,-76.027924,88.955612,0.169030,-0.256510,0.206439
50,2171775415,-31.701193,-76.021423,88.934959,0.117848,-0.278238,0.207102
51,2171792082,-31.681328,-76.016014,88.912071,0.086706,-0.252847,0.188850
52,2171808749,-31.653303,-76.010925,88.880531,0.070456,-0.244796,0.195173
53,2171825416,-31.621014,-76.006882,88.845718,0.095989,-0.246114,0.197393
54,2171842083,-31.576262,-76.002869,88.801765,0.094423,-0.249265,0.190605
55,2171858750,-31.526329,-75.999733,88.754112,0.064826,-0.239592,0.184949
56,2171875417,-31.475554,-75.997749,88.707077,0.050253,-0.232874,0.211704
57,2171892084,-31.427092,-75.996025,88.663475,0.016910,-0.230146,0.194303
58,2171908751,-31.375294,-75.994278,88.613045,0.027887,-0.234397,0.188497
59,2171925418,-31.318350,-75.993515,88.555367,0.036963,-0.254686,0.200372
60,2171942085,-31.260527,-75.992706,88.497864,0.084182,-0.274486,0.211408
61,2171958752,-31.194221,-75.991234,88.430229,0.107889,-0.254214,0.199873
62,2171975419,-31.114138,-75.990906,88.351097,0.151350,-0.227132,0.179949
63,2171992086,-31.012564,-75.992409,88.258041,0.156750,-0.247166,0.186310
64,2172008753,-30.898182,-75.995949,88.158188,0.088644,-0.263060,0.219004
65,2172025420,-30.774887,-76.002304,88.049385,0.055138,-0.240074,0.199133
66,2172042087,-30.649248,-76.007645,87.935341,0.013786,-0.278683,0.199998
67,2172058754,-30.528399,-76.013290,87.825996,0.024718,-0.262436,0.209462
68,2172075421,-30.406513,-76.019356,87.716942,0.052072,-0.230871,0.193872
69,2172092088,-30.277016,-76.025124,87.604332,0.062824,-0.238833,0.205385
70,2172108755,-30.153080,-76.031166,87.499809,0.062819,-0.236370,0.194075
71,2172125422,-30.024733,-76.036530,87.392502,0.045923,-0.233459,0.217595
72,2172142089,-29.893463,-76.042030,87.284454,0.027330,-0.239863,0.201163
73,2172158756,-29.764435,-76.050514,87.180252,-0.022067,-0.237898,0.197532
74,2172175423,-29.636250,-76.058784,87.072250,-0.005473,-0.233234,0.217055
75,2172192090,-29.522671,-76.066689,86.976379,-0.019712,-0.219357,0.205905
76,2172208757,-29.416714,-76.073967,86.884903,0.008982,-0.253806,0.204371
77,2172225424,-29.317238,-76.080200,86.802162,0.050075,-0.220864,0.198147
78,2172242091,-29.215284,-76.086220,86.720428,0.044355,-0.219452,0.210780
79,2172258758,-29.115129,-76.093918,86.643318,0.058379,-0.218722,0.192656
80,2172275425,-29.011288,-76.100143,86.560394,0.027963,-0.245833,0.196636
81,2172292092,-28.909790,-76.107468,86.478363,0.070872,-0.242538,0.219846
82,2172308759,-28.798769,-76.113228,86.388512,0.054545,-0.211792,0.199105
83,2172325426,-28.679815,-76.120522,86.293045,0.104296,-0.209877,0.213067
84,2172342093,-28.547821,-76.129013,86.184410,0.059629,-0.261984,0.224998
85,2172358760,-28.411104,-76.134689,86.071983,0.076816,-0.247461,0.212133
86,2172375427,-28.272453,-76.139603,85.959221,0.014070,-0.207787,0.187057
87,2172392094,-28.141312,-76.145477,85.854645,0.010619,-0.233258,0.218005
88,2172408761,-28.008808,-76.150917,85.749382,-0.036507,-0.216157,0.210615
89,2172425428,-27.890100,-76.157555,85.653328,-0.058387,-0.226535,0.205992
90,2172442095,-27.796946,-76.162102,85.577225,-0.070553,-0.183196,0.199608
91,2172458762,-27.721373,-76.165459,85.511093,-0.106505,-0.218484,0.213642
92,2172475429,-27.668079,-76.168587,85.469345,-0.055786,-0.207462,0.216872
93,2172492096,-27.640795,-76.170776,85.444946,-0.107117,-0.194957,0.218628
94,2172508763,-27.642668,-76.170692,85.438515,-0.056491,-0.190185,0.213621
95,2172525430,-27.658083,-76.168846,85.444695,0.032808,-0.185080,0.207785
96,2172542097,-27.679138,-76.167091,85.457375,0.005773,-0.205243,0.197844
97,2172558764,-27.709600,-76.166573,85.486061,0.006309,-0.220012,0.206221
98,2172575431,-27.745308,-76.165718,85.506706,0.000310,-0.223844,0.213067
99,2172592098,-27.780458,-76.161667,85.525101,0.037746,-0.228150,0.216153
100,2172608765,-27.812262,-76.157005,85.540329,0.083675,-0.227268,0.187762
101,2172625432,-27.843336,-76.154099,85.558693,0.090155,-0.242821,0.211412
102,2172642099,-27.863577,-76.151855,85.569283,0.066537,-0.209664,0.202222
103,2172658766,-27.881666,-76.147232,85.573181,0.039506,-0.220442,0.208195
104,2172675433,-27.901569,-76.144829,85.579185,0.058674,-0.213045,0.199980
105,2172692100,-27.910072,-76.140533,85.574677,0.057464,-0.220960,0.193349
106,2172708767,-27.916254,-76.136345,85.568115,0.057205,-0.208128,0.197699
107,2172725434,-27.924370,-76.133110,85.567940,0.022504,-0.208405,0.195886
108,2172742101,-27.932989,-76.128647,85.564316,0.036781,-0.187784,0.198847
109,2172758768,-27.943882,-76.124702,85.559731,0.030577,-0.230110,0.212283
110,2172775435,-27.955414,-76.121681,85.554916,0.023656,-0.200806,0.196343
111,2172792102,-27.964697,-76.116875,85.548172,0.027369,-0.196808,0.204085
112,2172808769,-27.971392,-76.112892,85.547714,0.026976,-0.199881,0.209722
113,2172825436,-27.980648,-76.108192,85.550316,0.011855,-0.201113,0.187327
114,2172842103,-27.998062,-76.102989,85.560127,0.025152,-0.201504,0.210896
115,2172858770,-28.012972,-76.098228,85.563995,0.015780,-0.227352,0.211185
116,2172875437,-28.039940,-76.093689,85.576607,0.005602,-0.226307,0.204032
117,2172892104,-28.086718,-76.090477,85.603722,-0.088365,-0.322428,0.200907
118,2172908771,-28.182468,-76.095108,85.649681,-0.309620,-0.617138,0.231561
119,2172925438,-28.362484,-76.112175,85.651077,-0.845157,-0.685397,0.295955
120,2172942105,-28.691744,-76.119972,85.565598,-0.849751,-0.474815,0.290311
121,2172958772,-29.128763,-76.124702,85.397079,-0.534192,-0.304444,0.280859
122,2172975439,-29.612757,-76.115509,85.120712,-0.427150,0.246698,0.267538
123,2172992106,-30.146311,-76.093147,84.849777,0.176328,0.728337,0.057152
124,2173008773,-30.662563,-76.058243,84.689796,0.573965,0.671421,0.039212
125,2173025440,-31.117407,-76.014587,84.672310,0.548548,0.399900,0.091494
126,2173042107,-31.536695,-75.957069,84.797401,0.313561,0.167827,0.259071
127,2173058774,-31.914724,-75.866211,85.006767,0.135310,0.138797,0.278827
128,2173075441,-32.254860,-75.747643,85.261887,0.223413,0.228863,0.166480
129,2173092108,-32.569496,-75.617043,85.602219,0.302621,0.192816,0.150758
130,2173108775,-32.819908,-75.479897,86.002304,0.277825,0.065494,0.104249
131,2173125442,-33.011326,-75.330894,86.465935,0.101656,-0.049926,0.126290
132,2173142109,-33.174381,-75.175827,86.986404,-0.064309,-0.088709,0.155608
133,2173158776,-33.329315,-75.018822,87.531143,-0.072054,-0.260241,0.109157
134,2173175443,-33.489586,-74.872673,88.088318,0.017058,-0.477109,0.177965
135,2173192110,-33.635075,-74.739288,88.614189,-0.019987,-0.578923,0.236702
136,2173208777,-33.772659,-74.619377,89.093521,-0.040431,-0.601806,0.255405
137,2173225444,-33.895397,-74.510765,89.501869,-0.071001,-0.560751,0.234172
138,2173242111,-34.010117,-74.414421,89.827087,-0.057358,-0.431079,0.178385
139,2173258778,-34.123444,-74.332115,90.075294,0.071274,-0.352229,0.258856
140,2173275445,-34.200401,-74.259407,90.257095,0.355837,-0.447900,0.351427
141,2173292112,-34.226715,-74.196594,90.393974,0.404113,-0.479466,0.214300
142,2173308779,-34.212135,-74.150543,90.487343,0.283884,-0.418373,0.174005
143,2173325446,-34.162983,-74.114426,90.529968,0.203504,-0.384448,0.220743
144,2173342113,-34.090149,-74.085403,90.534096,0.136717,-0.397239,0.255104
145,2173358780,-34.000473,-74.064453,90.511826,0.084144,-0.351846,0.205569
146,2173375447,-33.912704,-74.054680,90.473618,0.031338,-0.335293,0.204296
147,2173392114,-33.829643,-74.051353,90.424973,-0.020710,-0.292383,0.203063
148,2173408781,-33.771557,-74.053162,90.384766,-0.098175,-0.299104,0.172123
149,2173425448,-33.740253,-74.061028,90.359360,-0.132139,-0.293164,0.217618
150,2173442115,-33.721020,-74.075813,90.353760,-0.090241,-0.335603,0.223538
151,2173458782,-33.729351,-74.093071,90.376343,-0.180189,-0.275426,0.205957
152,2173475449,-33.770729,-74.111160,90.419189,-0.132290,-0.161551,0.226954
153,2173492116,-33.840912,-74.127686,90.485023,-0.113649,-0.077906,0.175816
154,2173508783,-33.937256,-74.151772,90.584785,-0.048996,-0.247350,0.292153
155,2173525450,-34.024715,-74.171867,90.695511,0.137202,-0.199495,0.257512
156,2173542117,-34.101429,-74.193596,90.782745,0.106087,-0.146865,0.141697
157,2173558784,-34.211277,-74.182426,90.836731,0.066705,0.798592,0.124586
158,2173575451,-34.746532,-74.060165,90.974930,-0.146101,2.863898,1.938684
159,2173592118,-34.431519,-73.935806,90.781776,0.210095,-3.092432,-1.167631
160,2173608785,-34.426720,-74.001060,90.847084,0.283890,-1.996842,-1.738280
161,2173625452,-34.455109,-74.096497,90.902847,0.576068,-0.917959,2.144729
162,2173642119,-34.148483,-74.068542,90.671021,1.578668,0.915141,1.028195
163,2173658786,-33.664089,-74.038376,90.282013,0.851761,1.595894,-1.083575
164,2173675453,-33.089226,-74.014786,90.000900,0.334766,0.053716,0.172703
165,2173692120,-32.647812,-74.038567,90.003555,0.043753,-1.011785,0.929323
166,2173708787,-32.344421,-74.035248,90.002098,-0.549343,-0.523282,0.641895
167,2173725454,-31.976944,-74.009048,89.672195,-0.860289,-0.223399,-0.835009
168,2173742121,-31.647644,-74.020332,89.261055,-0.045320,-0.607391,0.077940
169,2173758788,-31.207911,-74.042007,88.807007,0.267510,-0.497123,0.678133
170,2173775455,-30.833410,-74.091820,88.439735,0.005076,-0.168478,0.180291
171,2173792122,-30.522631,-74.147781,88.126678,0.373780,0.009705,0.187273
172,2173808789,-30.170233,-74.184135,87.822723,0.452234,0.073378,0.344166
173,2173825456,-29.749630,-74.197884,87.508308,-0.010259,-0.119133,0.227924
174,2173842123,-29.354187,-74.213608,87.233994,0.005372,-0.107105,0.047541
175,2173858790,-28.950163,-74.246605,86.961639,0.186464,-0.193430,0.077640
176,2173875457,-28.508690,-74.296150,86.669456,-0.015488,-0.505380,0.165929
177,2173892124,-28.107470,-74.355835,86.389626,-0.326323,-0.655011,0.305541
178,2173908791,-27.812889,-74.426292,86.125534,-0.463635,-0.353977,0.284764
179,2173925458,-27.623270,-74.500046,85.869026,-0.363868,-0.088562,0.160248
180,2173942125,-27.495739,-74.571190,85.641609,-0.163199,-0.034531,0.108771
181,2173958792,-27.381317,-74.646126,85.451393,-0.117638,-0.220758,0.159988
182,2173975459,-27.268848,-74.732170,85.309303,-0.152150,-0.430219,0.243370
183,2173992126,-27.184774,-74.832718,85.217110,-0.230836,-0.590650,0.307682
184,2174008793,-27.166376,-74.915794,85.124245,0.230709,0.244964,0.189196
185,2174025460,-27.575964,-74.863953,85.010750,-0.117701,4.580069,0.832397
186,2174042127,-27.139627,-74.836502,84.709320,-0.900628,-3.763285,-0.355415
187,2174058794,-26.792877,-74.971329,84.705032,1.904829,-3.642650,-0.930792
188,2174075461,-26.844788,-75.133171,85.112747,-1.515660,-0.640961,2.131079
189,2174092128,-27.056072,-75.125023,85.114571,-2.882801,2.898819,0.025867
190,2174108795,-27.415163,-75.087990,84.967018,0.286613,2.872125,-0.992643
191,2174125462,-27.752357,-75.026108,85.206650,2.066326,-0.307947,0.956167
192,2174142129,-27.850698,-74.983765,85.661026,1.679667,-1.246393,1.146828
193,2174158796,-27.774284,-74.960678,85.931816,-0.199219,-0.780318,-0.762215
194,2174175463,-27.847898,-74.959473,86.110573,-0.713806,-0.412127,-0.227552
195,2174192130,-27.821205,-74.949562,86.082481,0.063657,-0.235294,0.838201
196,2174208797,-27.720375,-74.923172,85.952759,0.006727,-0.190598,0.315662
197,2174225464,-27.715851,-74.920097,85.845421,-0.019612,-0.052498,0.028790
198,2174242131,-27.746496,-74.932144,85.770164,0.513572,-0.065416,0.258469
199,2174258798,-27.660656,-74.939476,85.677361,0.368280,-0.208559,0.191921
200,2174275465,-27.537632,-74.929199,85.566597,-0.108106,0.019370,0.201252
201,2174292132,-27.489958,-74.901260,85.488808,-0.024683,0.055424,0.256530
202,2174308799,-27.390965,-74.889557,85.390259,0.463381,-0.391538,0.069965
203,2174325466,-27.202017,-74.902145,85.301254,0.315891,-0.677297,0.159855
204,2174342133,-27.023962,-74.924644,85.248428,-0.236469,-0.467652,0.355479
205,2174358800,-26.935278,-74.953323,85.200401,-0.587534,-0.223518,0.262661
206,2174375467,-26.937241,-74.979683,85.139351,-0.311962,-0.073947,0.139590
207,2174392134,-26.958448,-75.005898,85.074165,0.127887,-0.050699,0.166002
208,2174408801,-26.956240,-75.036484,84.998756,0.326400,-0.141898,0.227423
209,2174425468,-26.934925,-75.066635,84.946472,0.278327,-0.257846,0.224448
210,2174442135,-26.892767,-75.103561,84.912453,0.106421,-0.404296,0.170384
211,2174458802,-26.851870,-75.152901,84.893341,-0.041377,-0.377552,0.206051
212,2174475469,-26.846254,-75.208473,84.890976,-0.260826,-0.333650,0.259915
213,2174492136,-26.888922,-75.270134,84.917282,-0.284969,-0.280169,0.283116
214,2174508803,-27.033051,-75.303741,84.936554,0.350545,0.975454,0.350701
215,2174525470,-27.783918,-75.146004,84.925255,-0.685269,5.700840,0.875943
216,2174542137,-27.381159,-75.101250,84.801155,-1.613400,-5.547219,-0.710016
217,2174558804,-27.397497,-75.242516,85.079483,2.334059,-4.434456,-1.217956
218,2174575471,-27.855410,-75.396194,85.936897,-1.102073,-0.016313,2.362866
219,2174592138,-28.344608,-75.369202,86.370026,-2.854345,3.185626,0.119862
220,2174608805,-28.821680,-75.414276,86.927399,0.113191,1.545676,-1.349978
221,2174625472,-29.522987,-75.471741,88.079147,1.442721,-1.053935,1.043480
222,2174642139,-30.275688,-75.527069,89.377563,0.590807,-1.434783,1.557141
223,2174658806,-30.990812,-75.562889,90.243294,-0.750498,-0.857786,-0.600389
224,2174675473,-32.009464,-75.642654,90.994835,-0.440050,-0.794774,-0.459056
225,2174692140,-32.775436,-75.746338,91.523895,1.355483,-0.745678,0.661548
226,2174708807,-33.226131,-75.854912,91.970184,0.847569,-0.610359,0.186707
227,2174725474,-33.658573,-76.021355,92.359047,-0.586155,-0.376025,-0.338065
228,2174742141,-34.348515,-76.216339,92.766418,-0.669933,-0.206979,0.159766
229,2174758808,-35.165329,-76.392311,93.204735,-0.040091,-0.419232,0.630859
230,2174775475,-36.009956,-76.539085,93.703934,0.116584,-0.367238,0.327054
231,2174792142,-36.814663,-76.714325,94.238327,-0.109869,-0.293821,-0.248022
232,2174808809,-37.697533,-76.930534,94.877747,0.045723,-0.413813,-0.149754
233,2174825476,-38.690826,-77.163162,95.619194,-0.026068,-0.479150,0.286995
234,2174842143,-39.652412,-77.408051,96.352165,-0.382721,-0.718543,0.138820
235,2174858810,-40.645287,-77.676674,97.096230,-0.536913,-0.621156,-0.058453
236,2174875477,-41.776844,-77.972443,97.933708,-0.278556,-0.537036,-0.075858
237,2174892144,-42.994003,-78.288521,98.792801,-0.046826,-0.148888,-0.001462
238,2174908811,-44.243179,-78.636200,99.642670,-0.236896,-0.352161,-0.015727
239,2174925478,-45.601086,-79.001488,100.562042,0.019930,-0.394005,-0.049330
240,2174942145,-46.996052,-79.368164,101.689331,0.704721,-0.812708,0.181307
241,2174958812,-48.329964,-79.749290,102.911003,1.186847,-0.356738,0.065231
242,2174975479,-49.565094,-80.143845,104.120575,0.977305,-0.019450,0.139397
243,2174992146,-50.871887,-80.558060,105.386017,0.332893,-0.003829,0.082008
244,2175008813,-51.989372,-80.965912,106.507088,0.619734,-0.440912,0.173797
245,2175025480,-52.983189,-81.334259,107.582390,0.024378,0.505887,0.156205
246,2175042147,-53.902042,-81.682472,108.508530,-0.797243,1.320570,0.101761
247,2175058814,-54.849834,-81.970917,109.498825,0.111172,0.961757,0.572134
248,2175075481,-55.712406,-82.170097,110.524506,1.095153,0.711301,0.905704
249,2175092148,-56.496693,-82.293221,111.623055,1.313017,0.527421,0.839959
250,2175108815,-57.117840,-82.369896,112.689865,0.685161,0.069212,0.327349
251,2175125482,-57.746143,-82.401939,113.823967,0.042808,-0.033181,0.239610
252,2175142149,-58.365524,-82.387222,114.989105,-0.395620,0.119062,0.214377
253,2175158816,-58.947102,-82.340294,116.121902,-0.806896,0.269802,-0.055266
254,2175175483,-59.676060,-82.298012,117.395409,-0.506287,-0.248225,-0.145086
255,2175192150,-60.357883,-82.268410,118.616196,-0.461726,-0.779415,0.012243
256,2175208817,-60.912899,-82.278870,119.537071,-0.049084,-0.683747,0.217299
257,2175225484,-61.242931,-82.305428,120.039948,0.848101,-0.182131,0.416580
258,2175242151,-61.300629,-82.338249,120.263512,1.459290,-0.281155,0.437623
259,2175258818,-61.139858,-82.380013,120.452858,1.360720,-0.253910,0.272084
260,2175275485,-60.946720,-82.434265,120.671288,-0.505842,0.393630,-0.145567
261,2175292152,-60.996002,-82.485977,120.976654,-1.441138,1.059793,-0.254599
262,2175308819,-61.328835,-82.519745,121.368530,-1.535355,1.185687,-0.115590
263,2175325486,-61.771992,-82.530029,121.660385,-1.766872,0.552330,-0.000037
264,2175342153,-62.398682,-82.493874,121.939598,-0.882758,0.084632,0.122812
265,2175358820,-63.074543,-82.435272,122.278664,0.207350,-0.887745,0.244828
266,2175375487,-63.719273,-82.370491,122.665268,0.522613,-0.818839,0.159980
267,2175392154,-64.325027,-82.317528,123.078590,0.367785,-0.303026,0.106623
268,2175408821,-64.895760,-82.272339,123.458702,0.188041,0.372990,0.057150
269,2175425488,-65.351624,-82.221260,123.710480,-0.110539,0.326551,0.122857
270,2175442155,-65.887581,-82.155731,124.038147,-0.349673,0.105144,0.233340
271,2175458822,-66.349648,-82.050484,124.342735,-0.142082,-0.264264,0.293686
272,2175475489,-66.820389,-81.912209,124.695457,-0.281517,-0.505489,0.309630
273,2175492156,-67.367821,-81.727448,125.055687,-0.829845,-0.280609,0.490716
274,2175508823,-68.097931,-81.489159,125.553772,-0.939515,-0.298057,0.205046
275,2175525490,-69.104637,-81.189766,126.279869,-0.984092,-0.280206,0.055231
276,2175542157,-70.255096,-80.863953,127.027672,-1.152386,0.207285,-0.016047
277,2175558824,-71.483109,-80.539864,127.701385,-0.347224,0.461775,-0.090607
278,2175575491,-72.720383,-80.211159,128.400879,0.207169,0.188199,-0.189222
279,2175592158,-73.956360,-79.887772,129.174835,0.277126,-0.138465,-0.089967
280,2175608825,-75.251289,-79.563515,130.018112,-0.016462,0.016582,-0.095391
281,2175625492,-76.565620,-79.208969,130.833588,-0.494720,0.258805,0.197303
282,2175642159,-77.844734,-78.824829,131.527374,-0.956233,0.372970,0.052497
283,2175658826,-79.199135,-78.381020,132.226196,-1.633834,0.335719,-0.191556
284,2175675493,-80.838165,-77.904556,133.078384,-2.400148,0.345716,-0.378183
285,2175692160,-82.616890,-77.392365,133.928146,-1.445093,0.284200,-0.436498
286,2175708827,-84.445251,-76.825439,134.833557,-1.277140,0.159714,-0.103864
287,2175725494,-86.138283,-76.223595,135.633591,-0.532779,0.034580,-0.104984
288,2175742161,-87.869835,-75.570290,136.432327,-0.558760,-0.049152,-0.198113
289,2175758828,-89.569870,-74.883743,137.181625,0.117997,0.272560,0.014023
290,2175775495,-91.086937,-74.157585,137.920593,-0.179898,0.208530,-0.201590
291,2175792162,-92.541512,-73.352173,138.742142,-1.801582,0.192373,-0.456945
292,2175808829,-94.059036,-72.401093,139.640823,-4.093111,0.525076,-0.862598
293,2175825496,-95.729141,-71.267311,140.562378,-4.842665,1.312601,-1.033785
294,2175842163,-97.523178,-69.873230,141.692383,-5.020880,0.139755,-0.736708
295,2175858830,-99.222244,-68.278496,142.737274,-2.779705,-0.340525,-0.541686
296,2175875497,-100.827202,-66.431198,143.615616,-3.117787,0.535214,-0.074305
297,2175892164,-102.435181,-64.573700,144.305832,2.869705,1.401829,-1.293628
298,2175908831,-103.938858,-62.685543,145.299835,2.576064,0.669972,0.627098
299,2175925498,-104.777878,-60.853100,145.955032,0.474048,1.292009,0.195216
300,2175942165,-105.406471,-59.136951,146.440323,5.368061,-0.364546,-1.248527
301,2175958832,-105.987526,-57.597202,147.017426,5.259617,-1.407110,0.224377
302,2175975499,-106.336090,-56.436440,147.310318,6.350446,-2.057098,1.276321
303,2175992166,-106.666718,-55.625996,147.390274,3.101238,-1.419356,3.307862
304,2176008833,-106.834496,-55.103855,147.086792,2.217570,-1.150916,5.661811
305,2176025500,-106.712578,-54.808548,146.603760,1.679979,-1.431325,7.628521
306,2176042167,-106.263580,-54.597595,145.965973,-1.893683,-1.271187,8.922745
307,2176058834,-105.539276,-54.300541,145.459488,-4.380123,-1.973971,10.137987
308,2176075501,-104.409927,-53.718563,145.301147,-7.757532,0.049026,9.484398
309,2176092168,-102.646164,-53.051876,145.093384,-11.489297,3.650550,6.018018
310,2176108835,-100.791344,-52.433475,144.856094,-13.036257,6.311099,0.879670
311,2176125502,-98.989662,-51.787731,144.674759,-12.412388,5.899181,-1.645293
312,2176142169,-97.400017,-51.034504,144.689941,-12.889572,5.338452,-4.766078
313,2176158836,-96.605270,-50.047421,145.018585,-11.340841,3.824347,-3.669806
314,2176175503,-96.307602,-49.230995,145.074783,-3.744913,0.493398,-0.334247
315,2176192170,-96.094727,-48.664143,144.885803,1.447883,-1.596505,0.434903
316,2176208837,-96.097870,-48.134457,144.586945,0.728909,-0.497517,-0.962214
317,2176225504,-95.730194,-47.881351,144.026932,-4.567012,3.017246,-8.144085
318,2176242171,-95.944115,-48.869755,143.656418,-9.629938,3.694542,-10.229272
319,2176258838,-95.708672,-50.462784,143.160904,-5.781719,1.163152,0.535683
320,2176275505,-94.067657,-52.042717,142.393555,-2.237640,1.498369,0.325987
321,2176292172,-92.087463,-53.824940,141.823563,-5.011323,0.231030,-2.697941
322,2176308839,-90.483612,-55.633389,141.151489,-5.480740,0.035509,-2.406950
323,2176325506,-88.986618,-57.528309,140.157471,-1.891365,-0.009454,-1.052488
324,2176342173,-87.191544,-59.553036,138.813782,0.451989,-1.324508,-0.763802
325,2176358840,-84.948036,-61.704552,136.972351,2.580372,-1.528292,-1.561499
326,2176375507,-81.947357,-63.951691,134.478348,3.720890,-1.446886,-1.949749
327,2176392174,-78.250084,-66.185822,131.349854,3.594269,-1.003692,-2.218721
328,2176408841,-74.258659,-68.254272,127.720772,3.685182,-0.209377,-1.241710
329,2176425508,-69.959991,-70.159233,123.750900,4.734991,-0.445346,-1.204805
330,2176442175,-65.310097,-71.903427,119.561287,6.984343,-0.548321,-2.259794
331,2176458842,-60.014347,-73.469276,115.265114,8.102920,-0.374438,-2.626075
332,2176475509,-53.587006,-74.842697,110.467567,6.424641,0.077077,-2.749887
333,2176492176,-46.411167,-75.968803,105.029343,2.920583,-0.368262,-2.945994
334,2176508843,-39.850178,-76.857643,99.729515,0.767363,-1.462543,-3.041908
335,2176525510,-34.633179,-77.535919,94.963608,-0.024116,-1.706664,-2.900029
336,2176542177,-31.181316,-78.003693,91.094246,-0.785681,-1.717309,-2.496784
337,2176558844,-29.617474,-78.334518,88.592812,0.304013,-0.865693,-1.944060
338,2176575511,-30.291704,-78.518288,88.276062,1.920913,-0.954246,-2.136472
339,2176592178,-34.353146,-78.532379,91.004318,1.958957,-2.389833,-3.776206
340,2176608845,-42.982563,-78.249275,97.456398,4.725628,-7.374516,-5.585842
341,2176625512,-64.599091,-76.229614,115.418259,22.049627,-3.173901,3.468094
342,2176642179,-77.861763,-72.850647,126.285568,-21.047930,-4.807277,1.089081
343,2176658846,-86.153114,-70.500130,130.729904,-5.496485,2.314247,7.647717
344,2176675513,-92.970367,-67.511497,134.567139,11.595680,0.451277,-0.619168
345,2176692180,-97.530998,-64.617546,138.017593,8.749825,1.245268,-0.560915
346,2176708847,-100.025475,-61.754684,140.182648,-0.862029,4.421489,7.020794
347,2176725514,-101.516518,-58.992775,141.206802,-0.041368,1.302141,4.452650
348,2176742181,-102.858643,-56.484547,141.827713,6.794466,-3.195191,0.878864
349,2176758848,-103.965050,-54.444107,142.340591,12.246474,-5.580965,0.949937
350,2176775515,-104.474342,-53.035133,142.758667,12.627425,-7.050575,6.102110
351,2176792182,-104.369141,-52.229866,143.078293,8.149453,-4.538254,9.916567
352,2176808849,-103.838684,-51.972488,143.314194,0.961485,-0.504707,14.822069
353,2176825516,-102.514893,-51.968983,143.132767,-4.520213,2.070721,17.391979
354,2176842183,-100.368462,-51.815411,142.695419,-8.285791,3.770610,13.884911
355,2176858850,-97.554718,-51.520119,142.222427,-13.161500,5.979161,7.438768
356,2176875517,-94.111549,-51.204536,141.583084,-14.235320,6.845010,1.868345
357,2176892184,-90.550842,-50.778263,140.871140,-13.899836,6.062500,-4.244817
358,2176908851,-88.715820,-50.215771,140.740463,-15.648250,7.064211,-10.535257
359,2176925518,-89.313400,-49.547813,141.408707,-16.667873,6.645368,-8.381510
360,2176942185,-91.037224,-48.430275,142.382248,-11.390422,4.976791,-2.198775
361,2176958852,-92.374046,-47.195309,143.336609,-6.424569,1.822108,0.136992
362,2176975519,-92.586845,-45.891537,144.187576,-4.461648,2.014448,-0.286797
363,2176992186,-91.834694,-44.979794,145.136169,-6.880241,0.526889,-3.605980
364,2177008853,-90.831062,-44.556023,145.722549,-7.064241,-0.376397,-5.024362
365,2177025520,-89.912094,-44.592072,146.067657,-5.808850,-0.953552,-5.039108
366,2177042187,-89.425720,-45.129482,146.089050,-4.612757,-1.138374,-5.192516
367,2177058854,-89.489120,-46.166393,145.789536,-3.531077,-0.594790,-5.097784
368,2177075521,-90.007172,-47.695225,145.207642,-2.629218,-0.219749,-4.719375
369,2177092188,-90.702660,-49.695126,144.403564,-0.423930,-0.539579,-3.274842
370,2177108855,-91.149185,-52.158478,143.255371,3.038682,0.181537,-1.858858
371,2177125522,-90.485420,-55.005199,141.724258,5.673734,-1.091059,-1.493465
372,2177142189,-88.346336,-58.129330,139.746765,7.243659,-1.821130,-2.775567
373,2177158856,-84.780991,-61.502781,137.245331,7.795589,-2.522582,-3.593006
374,2177175523,-79.701897,-65.094131,133.712540,7.808092,-1.127122,-2.897748
375,2177192190,-72.856384,-68.613167,128.711533,5.331439,-0.081950,-2.720700
376,2177208857,-64.643898,-71.744415,121.820999,2.529149,0.707038,-2.576939
377,2177225524,-55.143726,-74.375603,112.981659,2.987872,0.050124,-1.992586
378,2177242191,-44.682201,-76.200012,102.724808,4.299630,-1.259547,-0.386852
379,2177258858,-34.482395,-77.318443,92.647354,4.297071,-3.667771,-0.627872
380,2177275525,-26.261679,-78.030518,84.370300,2.564639,-4.145196,-1.309579
381,2177292192,-20.677431,-78.186707,77.898064,-0.554517,-1.156489,-0.937444
382,2177308859,-20.590624,-78.145332,76.146095,0.752512,-2.230123,-3.248263
383,2177325526,-26.982227,-78.116486,80.587311,3.615604,-3.247271,-4.336556
384,2177342193,-40.964558,-77.554665,90.905304,5.199860,-9.037244,-6.559834
385,2177358860,-70.441193,-74.554764,115.835732,14.463311,-0.512004,5.018017
386,2177375527,-83.100777,-71.295006,124.261780,-11.062023,7.815442,-4.997497
387,2177392194,-91.543877,-68.937660,130.324539,17.782562,-2.329333,7.249479
388,2177408861,-97.095551,-65.841476,135.693481,17.226694,-8.309187,9.505056
389,2177425528,-99.872337,-62.958115,139.309998,8.449327,-5.795862,3.700883
390,2177442195,-101.270287,-60.805290,141.285828,3.082659,0.549131,5.088578
391,2177458862,-102.690849,-59.037628,142.500595,5.128407,-0.099599,8.752356
392,2177475529,-103.685684,-57.640656,143.069153,5.668715,-0.858714,11.104242
393,2177492196,-103.813988,-56.672806,143.025940,2.634216,0.451964,14.988449
394,2177508863,-103.219711,-55.843243,142.840790,-2.016569,0.566392,16.025045
395,2177525530,-101.767036,-54.804466,142.736298,-8.388013,2.586135,15.652924
396,2177542197,-99.380318,-53.651279,142.767136,-13.335678,5.901173,9.034090
397,2177558864,-96.260933,-52.849197,143.004913,-16.624310,8.270556,0.710203
398,2177575531,-92.826897,-52.344879,143.176880,-16.385685,4.939130,-4.136276
399,2177592198,-91.055000,-51.497196,143.767990,-16.685474,2.420102,-7.766665
400,2177608865,-92.588463,-49.782551,145.254471,-20.874561,6.869008,-8.900043
401,2177625532,-94.994980,-47.918579,147.001083,-9.265245,1.995190,0.463051
402,2177642199,-96.071068,-46.780926,148.148483,-2.441532,0.782086,-1.360657
403,2177658866,-95.603088,-46.937599,148.662170,-1.479766,1.257429,-7.755167
404,2177675533,-93.681992,-48.336185,148.436905,-2.786624,2.936095,-8.322326
405,2177692200,-90.851990,-50.352020,147.805161,-8.778855,1.380590,-5.636230
406,2177708867,-87.851768,-52.717968,146.600739,-10.366597,0.349259,-4.710225
407,2177725534,-85.536339,-55.347633,144.992004,-10.471037,-1.174003,-5.556828
408,2177742201,-83.777603,-58.192104,143.052734,-9.382561,-1.265085,-4.322013
409,2177758868,-81.831604,-61.096077,140.529099,-4.779234,-0.770156,-0.931797
410,2177775535,-78.837784,-64.020050,137.008362,1.052393,-1.373882,0.072588
411,2177792202,-74.565010,-66.900421,132.362244,3.585906,-1.612452,-0.714541
412,2177808869,-69.003876,-69.623444,126.474762,3.222155,-0.930980,-1.528080
413,2177825536,-62.136547,-71.830063,118.999809,3.301945,-0.225950,-1.374969
414,2177842203,-54.655884,-73.430122,110.778053,5.020216,-1.134037,-1.603440
415,2177858870,-47.403263,-74.578072,102.792938,4.748117,-1.674352,-1.490228
416,2177875537,-40.970566,-75.366310,95.274139,3.082380,-1.160176,0.313450
417,2177892204,-35.324474,-75.792542,88.165245,2.566148,-0.375230,1.322385
418,2177908871,-30.456602,-76.018181,81.723518,3.974794,-0.816227,1.165540
419,2177925538,-26.047890,-76.085426,76.025230,5.424012,-1.594247,1.011619
420,2177942205,-21.807207,-76.054497,70.922722,5.074461,-1.690165,0.287151
421,2177958872,-17.696262,-75.983963,66.203857,3.520891,-1.090261,-0.358970
422,2177975539,-13.533889,-75.838509,61.419598,3.607895,-0.522873,0.132215
423,2177992206,-9.337471,-75.512604,56.692501,4.822205,-0.796005,0.368326
424,2178008873,-5.334242,-74.995964,52.562939,5.292890,-0.920940,-1.360502
425,2178025540,-1.314645,-74.407204,49.109886,5.897365,-2.442002,-3.955793
426,2178042207,2.724318,-73.851753,46.323452,6.346438,-1.690328,-6.144264
427,2178058874,6.381974,-73.394493,44.160942,5.019484,-1.404204,-5.172911
428,2178075541,9.086271,-73.127884,42.936695,2.777914,0.395712,-3.714819
429,2178092208,9.402245,-73.313759,43.908302,2.486313,-0.099373,-4.751964
430,2178108875,5.929624,-74.104057,47.898445,1.735046,-0.978601,-5.962146
431,2178125542,-10.939332,-75.807999,61.685146,15.270985,-2.671475,0.971916
432,2178142209,-48.755089,-75.515053,96.554268,-4.784990,-2.428160,3.361599
433,2178158876,-64.759605,-74.559685,109.767677,-10.835818,5.461277,11.184391
434,2178175543,-75.695282,-71.639633,118.791550,21.773973,-9.297549,5.884504
435,2178192210,-83.187355,-67.996468,126.229942,16.035782,-4.745521,-5.540991
436,2178208877,-88.278564,-65.467110,130.366150,6.786068,5.596492,-8.511342
437,2178225544,-92.024017,-63.538162,132.455261,4.085242,-0.914986,18.137854
438,2178242211,-94.149071,-61.318146,133.510071,10.549699,-5.507491,7.339842
439,2178258878,-96.300217,-59.730873,135.007462,9.137546,-5.685095,6.427370
440,2178275545,-96.830841,-58.977169,135.363174,4.046582,-5.997792,15.572567
441,2178292212,-96.623352,-58.423519,135.317123,-0.856223,-3.778124,15.355461
442,2178308879,-95.986153,-57.884773,135.195724,-6.205473,0.573856,15.492004
443,2178325546,-94.436592,-57.026672,134.844711,-10.680256,6.842796,12.792885
444,2178342213,-92.031380,-56.090527,134.724442,-13.034733,9.421126,3.368085
445,2178358880,-88.731827,-55.458096,134.290970,-15.062352,7.077172,-2.230430
446,2178375547,-86.078072,-54.724579,134.010712,-14.271251,4.953130,-8.129282
447,2178392214,-85.524948,-53.717175,134.540390,-16.354416,7.689962,-11.056417
448,2178408881,-87.321739,-52.493008,135.676193,-15.703114,7.173916,-6.887540
449,2178425548,-90.016235,-50.787498,137.087631,-11.372192,5.499064,-2.749804
450,2178442215,-92.249748,-48.871597,138.407516,-8.041305,2.643851,-1.735641
451,2178458882,-94.153160,-47.436008,139.554321,-4.672264,3.962691,-5.309364
452,2178475549,-94.937332,-47.145874,140.358765,-2.067573,0.696729,-6.180901
453,2178492216,-93.915222,-47.958782,140.385315,2.874832,-1.616032,-5.301313
454,2178508883,-91.370979,-49.772526,140.126022,1.877704,-0.315022,-6.325970
455,2178525550,-88.313347,-52.300438,139.614700,-2.497820,1.296213,-6.181710
456,2178542217,-85.600693,-55.350159,138.823517,-4.913238,1.527685,-4.482365
457,2178558884,-83.505051,-58.791729,137.750092,-5.061356,2.191779,-2.842091
458,2178575551,-81.553307,-62.388260,136.254166,-3.312019,0.460476,-1.387667
459,2178592218,-78.966560,-66.001686,134.013306,-0.233589,-1.333173,0.687407
460,2178608885,-74.883392,-69.403305,130.592697,2.094151,-1.656123,2.294518
461,2178625552,-68.795288,-72.475182,125.804863,3.287990,-2.746137,1.741274
462,2178642219,-61.005077,-75.204086,119.605125,2.238403,-2.555981,0.689084
463,2178658886,-51.368576,-77.452835,111.292702,0.608652,-2.621311,0.769624
464,2178675553,-39.883011,-79.037300,100.499954,-0.097724,-2.070697,0.646589
465,2178692220,-27.553907,-79.921906,88.277176,0.610145,-2.055679,0.334013
466,2178708887,-16.041122,-80.145218,76.623169,2.766008,-2.722108,-0.054253
467,2178725554,-6.626540,-79.986214,67.071159,4.411924,-2.592302,-0.476650
468,2178742221,0.603312,-79.577644,59.644936,4.765261,-2.378464,0.263829
469,2178758888,5.132775,-78.949448,54.690884,4.003308,-1.365276,0.135075
470,2178775555,6.521019,-78.292824,52.706257,3.202824,-1.686725,-1.284902
471,2178792222,5.064956,-77.891068,53.359032,2.478255,-4.314917,-3.831227
472,2178808889,1.237240,-78.000092,55.784798,4.740821,-1.259606,-7.086579
473,2178825556,-5.126596,-78.351028,60.737259,4.037213,-2.773589,-5.612398
474,2178842223,-14.438214,-78.571426,68.535004,5.183730,-2.724083,-5.948165
475,2178858890,-26.035538,-78.548149,78.371956,6.190233,-2.713916,-6.593948
476,2178875557,-41.986008,-77.771935,91.498161,10.560679,-9.488177,-6.035946
477,2178892224,-70.369217,-74.298111,115.634148,12.221002,2.277083,10.732067
478,2178908891,-84.398933,-70.818420,125.845428,1.184329,7.429958,-9.447299
479,2178925558,-93.071693,-68.346474,131.978912,20.294706,-3.363307,1.108605
480,2178942225,-97.937729,-65.635918,136.822617,10.551705,-6.826927,12.741484
481,2178958892,-99.816101,-62.653873,139.353607,-0.857938,-1.668534,8.478748
482,2178975559,-102.034317,-59.959507,141.398911,2.931732,-2.493166,5.513016
483,2178992226,-103.965607,-57.731567,142.851776,7.962977,-4.090870,8.865986
484,2179008893,-104.737297,-56.298889,143.256104,8.067815,-2.944742,12.187206
485,2179025560,-104.711189,-55.441078,143.363373,4.476975,-1.711193,17.802139
486,2179042227,-103.682571,-54.593704,143.077911,-3.441577,2.052705,19.433519
487,2179058894,-101.843605,-53.377087,142.836243,-12.947101,7.300200,16.777544
488,2179075561,-99.275383,-52.010544,142.848999,-17.398571,9.866707,7.343496
489,2179092228,-95.590897,-51.258507,142.785065,-19.484631,9.193708,-1.185591
490,2179108895,-91.738220,-50.688469,142.552750,-16.617752,5.494617,-7.289484
491,2179125562,-90.629753,-49.570343,143.493164,-22.087622,5.991064,-12.493847
492,2179142229,-92.904274,-47.878963,144.910049,-20.118105,7.287036,-8.118598
493,2179158896,-95.629189,-46.304558,146.367889,-9.769361,1.301738,-1.785251
494,2179175563,-97.893959,-45.410576,147.366852,-6.391575,3.426911,-6.863394
495,2179192230,-99.378250,-45.771179,147.933044,-5.702265,2.925266,-7.453573
496,2179208897,-99.254478,-46.884487,147.716537,-1.902804,2.475910,-2.468145
497,2179225564,-97.312920,-48.518253,147.282898,-1.554324,-0.141925,-1.395444
498,2179242231,-93.962357,-50.621002,146.569489,-3.726523,-1.090803,-2.692144
499,2179258898,-90.340683,-53.019447,145.544876,-6.180693,-1.058019,-4.754014
500,2179275565,-87.359367,-55.595730,144.290085,-8.083527,-0.940059,-5.017273
501,2179292232,-85.353798,-58.323650,142.744446,-7.617970,-0.762920,-3.173487
502,2179308899,-83.751503,-61.219704,140.524460,-3.879365,-1.002014,-0.868074
503,2179325566,-81.578331,-64.176147,137.468384,0.653564,-1.251911,0.372522
504,2179342233,-77.967171,-67.052620,133.413239,3.264948,-1.526279,0.577938
505,2179358900,-72.669334,-69.776825,128.208740,3.643323,-1.361326,0.399571
506,2179375567,-65.848610,-72.336731,121.582352,2.311034,-0.817118,0.412069
507,2179392234,-57.412640,-74.671295,112.914604,2.290005,-1.156104,0.690627
508,2179408901,-46.790321,-76.470947,101.607552,4.417107,-1.534060,1.220204
509,2179425568,-34.426411,-77.525230,88.481400,5.824869,-2.217459,0.858639
510,2179442235,-21.412600,-77.775215,74.918655,6.291298,-3.205057,-0.482906
511,2179458902,-9.559717,-77.392769,62.851921,6.433072,-2.471260,-0.915671
512,2179475569,0.462957,-76.594276,52.882843,5.683656,-1.329076,0.281419
513,2179492236,7.965578,-75.502350,45.401554,4.541679,-0.500442,0.640901
514,2179508903,13.030412,-74.483574,39.999947,4.280606,-0.769427,-0.577639
515,2179525570,16.343624,-73.702209,36.343941,6.298416,-1.188112,-1.241961
516,2179542237,18.647991,-73.104691,34.055157,7.090550,-1.744972,-2.338628
517,2179558904,20.457399,-72.758026,32.738281,6.239946,-1.693276,-3.226608
518,2179575571,21.796022,-72.782890,32.229301,4.814168,-1.085205,-3.159484
519,2179592238,21.947027,-73.145218,32.786728,4.464357,-0.404013,-2.908049
520,2179608905,20.711353,-73.863060,34.340328,4.302031,-1.207329,-3.739614
521,2179625572,17.409737,-74.881584,37.453678,4.533713,-2.218893,-5.213469
522,2179642239,11.632236,-76.065903,42.755142,4.629725,-3.213632,-5.075620
523,2179658906,3.019780,-77.218399,50.554104,4.687057,-2.968962,-4.106858
524,2179675573,-9.164849,-78.110664,61.196918,2.767249,-0.143595,-3.035079
525,2179692240,-29.068012,-78.419060,77.451393,6.512790,-0.641108,-2.548467
526,2179708907,-64.508102,-76.625145,110.045891,13.240448,-4.713196,5.435392
527,2179725574,-81.966064,-73.554871,124.161301,-10.011724,5.858454,-5.826988
528,2179742241,-91.896675,-70.911705,131.843689,12.409472,-7.864259,6.844160
529,2179758908,-97.851799,-67.567413,136.874481,12.531640,-8.619364,5.076137
530,2179775575,-101.409790,-64.503853,140.168625,7.030187,-3.039556,3.031484
531,2179792242,-103.861008,-62.160637,142.297379,6.369199,-1.805339,6.027746
532,2179808909,-105.519051,-60.131054,143.656860,6.560313,-2.129098,10.743622
533,2179825576,-106.380028,-58.422112,144.327438,2.771360,0.038079,12.478888
534,2179842243,-106.787773,-57.056564,144.698380,-0.822031,0.534158,15.333244
535,2179858910,-106.428780,-55.733952,144.806030,-7.062602,2.802166,16.880457
536,2179875577,-105.253601,-54.132336,144.976334,-11.531677,5.475492,13.834240
537,2179892244,-103.240837,-52.555855,145.322540,-17.236139,9.223484,4.845293
538,2179908911,-100.479752,-51.618717,145.404053,-18.425703,8.342452,-0.998902
539,2179925578,-97.400932,-50.761093,145.312088,-14.852447,4.681240,-4.858950
540,2179942245,-95.414375,-49.486568,145.760437,-21.679773,5.288781,-9.725559
541,2179958912,-96.149467,-47.898251,146.597031,-21.987995,5.196198,-7.312236
542,2179975579,-98.015915,-46.175106,147.566315,-12.019446,4.104140,-0.221677
543,2179992246,-98.917183,-44.543098,148.498032,-10.352967,2.651953,-3.431808
544,2180008913,-99.535591,-44.181545,149.331573,-9.155116,3.042753,-9.987081
545,2180025580,-98.962112,-45.252102,149.387482,-2.284380,1.025630,-2.814192
546,2180042247,-96.492851,-47.102310,149.056458,2.163548,0.297855,-2.164879
547,2180058914,-92.910629,-49.766739,148.681015,-1.903277,0.045923,-4.702987
548,2180075581,-89.343140,-52.970329,147.918381,-5.175343,-0.153815,-5.022240
549,2180092248,-86.445503,-56.473526,146.799500,-5.506388,-0.463313,-1.838041
550,2180108915,-83.864120,-60.206036,144.957031,-2.698479,-0.688806,0.624274
551,2180125582,-81.193764,-63.939568,142.277618,0.574201,-2.494419,0.554141
552,2180142249,-77.809723,-67.413536,138.526917,3.396351,-2.397392,0.587965
553,2180158916,-73.295418,-70.471504,133.570328,3.893297,-2.142859,0.813879
554,2180175583,-67.665367,-73.101051,127.152184,2.981635,-2.042170,1.092983
555,2180192250,-60.426971,-75.282707,118.678825,3.250103,-1.399949,0.844348
556,2180208917,-51.342426,-76.921303,108.183075,4.449380,-1.270148,0.221248
557,2180225584,-40.585915,-77.956100,96.170921,6.243729,-1.665680,-0.090943
558,2180242251,-28.756340,-78.376221,83.608795,6.949999,-1.845575,0.218740
559,2180258918,-17.298483,-78.246964,71.813866,5.825598,-1.465597,0.019284
560,2180275585,-7.568080,-77.714912,61.812305,4.918404,-1.792327,-1.002426
561,2180292252,-0.055535,-77.060699,54.020439,4.215562,-2.281821,-2.216908
562,2180308919,5.397025,-76.438225,48.261497,4.601892,-2.418210,-2.772826
563,2180325586,8.989307,-75.832741,44.559334,6.148367,-2.769174,-3.025883
564,2180342253,10.963870,-75.399208,42.689857,6.245181,-2.724397,-3.231243
565,2180358920,11.159501,-75.171997,42.577457,5.216218,-2.036395,-2.843559
566,2180375587,9.656674,-75.143204,43.848270,4.447809,-1.582315,-3.474549
567,2180392254,6.792205,-75.310692,46.213810,5.096534,-1.956206,-5.052641
568,2180408921,2.865309,-75.637115,49.770508,5.451280,-2.224691,-6.097400
569,2180425588,-2.225820,-76.073586,54.580635,4.945966,-2.154152,-6.441850
570,2180442255,-9.978954,-76.581375,61.660980,4.181861,-4.471445,-6.055405
571,2180458922,-38.970055,-76.638878,86.082314,21.483875,11.025803,8.312431
572,2180475589,-68.371422,-73.882256,111.224983,-13.909867,3.380652,-6.499128
573,2180492256,-82.197418,-72.542488,121.721565,12.830190,-8.314216,12.980801
574,2180508923,-89.493187,-69.486969,128.391800,22.550854,-13.788599,3.374541
575,2180525590,-94.244835,-66.324356,133.739136,13.279875,-6.448177,2.253755
576,2180542257,-96.963936,-64.054459,136.686371,5.258944,0.413854,3.768515
577,2180558924,-99.190872,-62.311481,138.383087,4.602792,-0.363060,13.153288
578,2180575591,-100.433167,-60.773399,139.304398,3.025193,-0.473698,14.974407
579,2180592258,-100.788261,-59.509396,139.608994,-1.310937,1.567746,16.388083
580,2180608925,-100.176292,-58.031384,139.914398,-6.246146,1.588935,18.304003
581,2180625592,-98.554161,-56.415207,140.500183,-13.322605,4.512921,12.198654
582,2180642259,-95.660530,-55.168667,140.834015,-17.696344,6.361141,5.081584
583,2180658926,-91.956146,-54.308590,140.788376,-18.202591,6.150497,-2.455176
584,2180675593,-89.334488,-53.255970,140.685486,-17.556622,4.077790,-7.529975
585,2180692260,-89.373505,-51.897388,141.199280,-21.673138,6.437176,-10.983302
586,2180708927,-91.809402,-50.143448,142.215897,-16.076435,7.056842,-5.244628
587,2180725594,-94.482948,-48.069992,143.270279,-11.310040,3.322015,-1.434493
588,2180742261,-96.931419,-45.829762,144.155106,-8.286333,5.849706,-2.511217
589,2180758928,-98.510643,-43.999706,145.070343,-7.469959,2.343484,-2.724293
590,2180775595,-98.954445,-42.530239,145.584641,-3.142202,-0.950246,-0.610149
591,2180792262,-98.110970,-41.538738,145.839417,0.472775,-0.742110,-1.984416
592,2180808929,-96.104752,-41.401608,145.926468,0.550366,-1.415435,-6.111930
593,2180825596,-93.794922,-42.217831,146.003754,-0.011605,-1.012449,-7.620687
594,2180842263,-91.609375,-43.894073,145.867813,-1.405411,0.125343,-7.006505
595,2180858930,-89.739281,-46.284744,145.457428,-2.141114,0.329002,-6.117435
596,2180875597,-88.410889,-49.239002,144.830246,-1.936998,0.828212,-4.809582
597,2180892264,-87.488876,-52.522732,143.877747,-1.865406,1.165479,-2.851540
598,2180908931,-86.353577,-55.984314,142.322983,-0.867260,0.732274,-0.529172
599,2180925598,-84.561172,-59.567570,140.279144,0.436556,-1.616924,0.155234
600,2180942265,-82.216942,-63.132832,137.610031,1.923087,-1.804912,0.337290
601,2180958932,-78.783775,-66.534195,133.920288,2.674138,-1.346719,1.216522
602,2180975599,-73.705116,-69.702454,128.829178,2.687671,-2.003218,1.955310
603,2180992266,-66.558739,-72.540833,121.732414,1.902865,-1.920522,1.634533
604,2181008933,-57.188271,-74.864151,112.199791,0.982928,-1.448331,1.316631
605,2181025600,-46.299625,-76.498245,100.719490,1.004811,-1.175319,1.589773
606,2181042267,-34.936394,-77.320992,88.458252,2.789191,-0.862467,1.683352
607,2181058934,-24.193678,-77.499298,77.029854,4.276690,-1.670188,0.668671
608,2181075601,-14.676658,-77.250557,67.291977,5.089483,-1.418925,-0.501523
609,2181092268,-6.430054,-76.752174,59.236641,4.402785,-1.920108,-1.929879
610,2181108935,0.129253,-76.207581,53.137955,4.101292,-1.865759,-3.131311
611,2181125602,5.360932,-75.660477,48.726063,4.699651,-2.251359,-5.343122
612,2181142269,9.522773,-75.217705,45.631348,4.736885,-2.572717,-5.129478
613,2181158936,12.290705,-74.805984,43.628197,3.491934,-2.165298,-3.742792
614,2181175603,12.989830,-74.383331,42.907951,2.783856,-2.442549,-3.143018
615,2181192270,10.787708,-74.196976,44.145061,2.420482,-0.659267,-4.924357
616,2181208937,5.150329,-74.416008,48.084373,3.524886,-0.636104,-6.706400
617,2181225604,-8.525476,-75.269638,57.760746,18.855364,-4.797573,-6.567187
618,2181242271,-48.752682,-75.308189,93.961632,14.374438,-2.060111,11.570398
619,2181258938,-69.947517,-74.410530,112.734428,-2.107567,4.452126,9.189064
620,2181275605,-79.790001,-71.108963,121.282196,19.063643,-12.601743,5.397445
621,2181292272,-87.508255,-67.713211,128.776886,14.512010,-7.732146,-0.738575
622,2181308939,-91.982803,-64.978958,132.666992,11.272039,1.443621,0.471906
623,2181325606,-94.870026,-62.777218,134.885864,10.112203,-0.079613,12.702538
624,2181342273,-96.368904,-60.808517,136.248444,7.045606,-0.908129,14.127872
625,2181358940,-97.074593,-59.271107,137.012497,-0.503927,0.432075,13.071056
626,2181375607,-97.166039,-57.949749,137.467361,-5.370667,-0.157855,16.801018
627,2181392274,-96.090179,-56.692593,137.878250,-8.169972,-0.174244,13.956352
628,2181408941,-93.762161,-55.597160,138.252182,-11.047038,3.145632,9.458132
629,2181425608,-90.324425,-54.624958,138.433472,-14.370315,4.945336,2.985578
630,2181442275,-87.263237,-53.561020,138.326050,-17.513580,8.281205,-5.549611
631,2181458942,-86.740433,-52.473576,138.634171,-20.992565,8.411345,-11.989828
632,2181475609,-88.885269,-50.821743,139.635818,-16.744465,7.947529,-6.187358
633,2181492276,-91.376793,-48.549454,140.857422,-11.965252,4.671371,-2.343966
634,2181508943,-93.150269,-46.093502,142.137070,-8.040587,4.076552,-2.386658
635,2181525610,-94.044365,-44.154388,143.481705,-8.135769,2.291413,-5.484821
636,2181542277,-94.263336,-42.851871,144.350632,-6.126319,0.621862,-5.618002
637,2181558944,-93.782898,-42.351700,145.018661,-3.085611,0.005711,-7.001179
638,2181575611,-92.508347,-42.848476,145.502472,-3.959332,-0.024390,-7.510921
639,2181592278,-90.819916,-44.339417,145.469604,-5.344385,0.211099,-7.701245
640,2181608945,-89.240295,-46.700272,144.971695,-5.259261,0.647976,-6.668792
641,2181625612,-87.743156,-49.786472,143.979736,-4.704767,2.456816,-5.331405
642,2181642279,-86.225136,-53.502522,142.291336,-4.542935,3.087111,-4.264412
643,2181658946,-84.421776,-57.714745,139.596344,-3.436009,2.308487,-2.815214
644,2181675613,-81.700157,-62.127369,135.663239,-0.484451,-0.208217,-0.760319
645,2181692280,-77.341660,-66.439430,129.983505,3.050025,-1.688742,-0.504811
646,2181708947,-70.949974,-70.312248,121.930008,3.967267,0.179115,1.736678
647,2181725614,-62.398827,-73.288528,111.499420,3.990863,0.825084,2.187388
648,2181742281,-51.949734,-75.138100,99.254265,7.549693,0.997007,-0.694012
649,2181758948,-43.640751,-76.028000,89.408340,10.314691,-2.185964,-5.777888
650,2181775615,-41.177502,-76.541740,85.437241,6.625475,-2.813415,-7.668751
651,2181792282,-44.020760,-76.839058,86.137108,2.951812,-0.794390,-7.887888
652,2181808949,-49.809505,-76.980553,88.969330,5.230777,-4.794157,-8.577460
653,2181825616,-70.317230,-75.714439,104.000420,42.144314,-21.000689,2.907239
654,2181842283,-89.696503,-69.385124,120.345421,18.122879,-16.663313,8.624327
655,2181858950,-98.526276,-66.788681,127.287582,34.837223,-12.190856,-10.491137
656,2181875617,-103.745598,-64.261154,132.984161,25.398975,-6.353564,3.961989
657,2181892284,-106.871269,-61.885941,137.497498,0.459625,5.710522,26.301411
658,2181908951,-107.887924,-59.780437,138.857925,-7.741130,5.711795,16.189100
659,2181925618,-109.395798,-57.748009,140.369873,3.005594,-1.577253,12.900806
660,2181942285,-109.608971,-55.902836,141.635605,0.785256,1.103900,22.012959
661,2181958952,-108.356796,-54.051758,143.209030,-9.644743,5.031753,18.995924
662,2181975619,-106.396164,-52.287205,144.831024,-19.403318,8.088070,9.877121
663,2181992286,-103.641220,-51.081375,145.946365,-23.299894,7.744658,1.018211
664,2182008953,-100.308167,-50.381687,146.756317,-16.663017,3.821840,-3.538073
665,2182025620,-98.196877,-49.512085,147.609344,-18.216864,1.392539,-5.803953
666,2182042287,-99.767212,-47.687145,148.582199,-25.257790,6.005048,-11.402958
667,2182058954,-102.999527,-45.398643,149.784348,-19.787617,3.786455,-7.075772
668,2182075621,-106.205437,-43.492126,150.772934,-15.541341,5.156831,-4.331009
669,2182092288,-108.017746,-42.110058,151.421478,-9.392322,1.163470,1.481877
670,2182108955,-107.687462,-41.101475,151.706116,-1.554631,-0.458354,2.534286
671,2182125622,-105.228096,-40.896774,151.646576,2.504200,-2.675987,-3.009315
672,2182142289,-101.174889,-42.105179,151.058411,2.009313,-2.379759,-9.558404
673,2182158956,-97.063843,-44.790382,149.668304,-2.245326,-2.236723,-12.373992
674,2182175623,-94.003853,-48.511467,147.649155,-6.221189,2.045191,-10.871907
675,2182192290,-92.892151,-52.582966,145.283188,-11.065696,3.456388,-5.955709
676,2182208957,-92.571602,-56.391926,142.211487,-4.260790,2.889529,0.932235
677,2182225624,-90.727921,-60.075878,138.179672,4.864575,-1.286223,4.867669
678,2182242291,-86.779907,-63.509197,133.418793,8.227169,-3.064982,4.632943
679,2182258958,-81.140480,-66.719635,127.894203,4.500142,-1.750747,0.510432
680,2182275625,-74.018433,-69.775452,120.751602,2.902523,1.006037,-1.637312
681,2182292292,-64.926697,-72.464279,111.387344,3.740144,1.514636,-1.943717
682,2182308959,-52.794205,-74.630165,99.177910,5.328828,0.740500,-1.393953
683,2182325626,-37.753319,-75.904137,84.789429,6.701550,-0.523327,-0.498172
684,2182342293,-21.927670,-76.150726,70.693123,7.127648,-1.278092,-0.556100
685,2182358960,-7.177928,-75.676437,58.565964,4.677757,-1.463908,-2.754631
686,2182375627,4.949150,-75.019455,49.058552,-0.275878,0.297201,-2.408799
687,2182392294,14.518008,-74.242851,41.507145,-3.214021,0.534138,-1.630939
688,2182408961,21.474087,-73.450157,35.744289,-3.344891,0.189438,-1.675923
689,2182425628,26.222780,-72.642494,31.230017,-0.800585,0.227516,-2.098176
690,2182442295,28.632666,-71.785126,28.139919,-0.617607,0.636910,-1.788736
691,2182458962,30.144657,-70.913475,25.548769,-0.816001,2.726937,-3.091230
692,2182475629,32.563736,-70.084572,22.559490,2.805653,0.393400,-3.510792
693,2182492296,36.165859,-69.299194,19.367201,3.933840,1.939813,-4.383315
694,2182508963,40.134850,-68.652100,16.100355,-1.149651,2.860127,-2.120340
695,2182525630,43.569458,-68.182434,13.248831,0.786471,0.240737,-3.144178
696,2182542297,46.565819,-67.955971,10.941014,-0.212707,-1.737968,-4.168036
697,2182558964,48.520218,-67.965080,9.063857,-4.384570,-0.419903,-2.107112
698,2182575631,48.769085,-68.513206,7.234774,-7.199169,5.755809,11.908367
699,2182592298,51.258507,-70.443420,3.296648,-14.342780,-38.185093,71.163757
700,2182608965,32.377701,-74.183601,11.761710,64.466125,-20.362431,1.564869
701,2182625632,11.266480,-79.818146,34.065155,34.823074,-12.968156,-7.977381
702,2182642299,-3.891049,-81.679832,49.405289,25.929716,11.126193,-49.552567
703,2182658966,-29.178057,-83.280350,75.216446,23.278034,2.831525,-0.927487
704,2182675633,-52.722462,-82.493034,98.243668,0.702730,6.225881,19.387066
705,2182692300,-62.604519,-81.177483,106.939774,6.727343,-0.166261,4.108167
706,2182708967,-70.622787,-79.917381,113.853783,12.392942,-2.126128,0.972389
707,2182725634,-74.251656,-78.597595,117.749077,12.572396,-5.593889,9.618174
708,2182742301,-74.995682,-77.261971,119.960281,-3.012176,-1.681923,11.249401
709,2182758968,-76.072380,-76.071236,122.197273,-17.907421,1.093455,12.627914
710,2182775635,-76.765823,-74.778648,123.895332,-20.575371,0.515785,12.503866
711,2182792302,-77.137405,-73.222557,125.811523,-21.217278,3.483706,7.240887
712,2182808969,-78.100525,-71.548912,128.074646,-20.222845,6.515128,1.673399
713,2182825636,-78.445457,-69.938263,128.268112,-8.948354,6.684436,-4.965911
714,2182842303,-77.221657,-68.674988,126.201408,7.308845,0.981259,-12.180376
715,2182858970,-72.699829,-68.255150,121.845901,13.999468,-6.039979,-30.519033
716,2182875637,-63.557178,-70.106750,114.157051,6.711319,-4.421420,-20.968029
717,2182892304,-48.470650,-72.703529,100.673676,-0.296074,1.370511,-14.706413
718,2182908971,-30.347982,-74.476334,82.910088,-7.082677,8.174234,-3.556440
719,2182925638,-16.179493,-74.142067,68.419807,2.933214,6.042520,6.172127
720,2182942305,-7.965240,-72.920044,59.680637,6.176088,0.870149,-14.216795
721,2182958972,-8.479956,-73.051811,58.865356,7.606039,0.387665,-13.363347
722,2182975639,-26.020206,-74.480881,73.846436,41.096973,-21.100393,6.524675
723,2182992306,-46.432117,-73.216980,93.385139,-18.020372,5.316382,-2.591268
724,2183008973,-54.973869,-72.812187,99.445061,-5.500267,-8.368323,12.223587
725,2183025640,-62.293552,-70.971016,104.469681,3.615577,3.332929,7.190939
726,2183042307,-69.049385,-69.365105,109.661293,-2.605390,4.104741,12.119946
727,2183058974,-73.630745,-67.170441,113.035446,-5.473237,3.138116,13.159910
728,2183075641,-77.407921,-64.419220,116.292206,-1.252004,-1.461050,5.765193
729,2183092308,-80.090065,-61.449860,119.117027,-11.396713,3.917908,10.102497
730,2183108975,-82.093315,-58.224056,121.110474,-13.166378,1.510494,7.341396
731,2183125642,-83.071739,-55.409588,122.677589,4.146321,-10.034630,4.735169
732,2183142309,-82.311127,-52.800205,123.730255,10.285142,-17.050903,5.157024
733,2183158976,-80.098412,-50.837803,124.338829,5.402208,-12.630205,-1.639624
734,2183175643,-77.952194,-49.437458,125.238060,-4.746451,-0.805459,1.460688
735,2183192310,-76.953735,-47.411606,125.984344,-16.489716,22.608767,7.840639
736,2183208977,-77.785088,-45.627659,125.983047,-14.560953,16.099895,-1.947932
737,2183225644,-81.078804,-43.632801,126.742142,-5.868695,17.533314,7.492010
738,2183242311,-82.870758,-42.256195,128.929077,9.318420,1.867188,18.470886
739,2183258978,-81.634880,-41.260662,132.237228,11.293706,2.644248,14.269640
740,2183275645,-78.205315,-40.422882,135.512985,1.098387,5.144384,7.817255
741,2183292312,-74.311226,-39.729683,137.942017,-8.505493,1.527754,0.672411
742,2183308979,-72.482155,-39.757206,139.436966,-12.872195,-2.692018,-10.062551
743,2183325646,-73.735634,-40.892628,140.136856,-7.824348,-1.930410,-12.439083
744,2183342313,-76.549202,-43.023060,140.109131,-2.465021,3.305505,-10.044499
745,2183358980,-79.098053,-45.897072,139.376099,0.931379,5.183501,-9.073043
746,2183375647,-80.173866,-49.444710,137.887115,3.860804,4.685368,-8.867403
747,2183392314,-79.460930,-53.482777,135.668808,4.551638,2.010972,-10.537156
748,2183408981,-77.406639,-58.015278,132.820831,2.976378,0.115812,-12.153379
749,2183425648,-74.027466,-62.913769,128.757919,1.110502,-0.981597,-14.233969
750,2183442315,-69.091080,-68.083549,122.396965,-0.041177,-0.768439,-14.441904
751,2183458982,-60.516747,-73.101151,111.467651,2.383073,0.821054,-11.466434
752,2183475649,-45.356789,-77.035393,93.314384,7.486602,2.038394,-6.429357
753,2183492316,-25.961058,-78.822197,71.543106,11.086506,0.751996,2.069157
754,2183508983,-13.006838,-78.548851,57.494511,14.764725,-4.611821,5.320481
755,2183525650,-8.008530,-78.223213,51.696991,16.889688,-6.041021,-4.863359
756,2183542317,-13.348315,-78.845657,56.354786,5.154202,-8.815894,2.993889
757,2183558984,-17.852844,-78.619576,59.258694,-14.234808,-4.186557,6.222849
758,2183575651,-17.141893,-77.357018,56.163403,-5.132005,-14.622350,29.003445
759,2183592318,-19.849524,-75.587601,56.172371,0.233837,-6.403949,5.807790
760,2183608985,-21.166077,-74.719841,55.705540,9.697794,-4.984852,2.437598
761,2183625652,-20.162474,-74.299507,54.246078,12.834340,-5.223471,-0.423031
762,2183642319,-17.723463,-74.096451,52.335892,9.735468,-5.471742,-0.922949
763,2183658986,-14.631495,-73.823807,49.878010,4.677495,-4.806264,-1.469684
764,2183675653,-11.856784,-73.542412,47.443897,2.325073,-4.955901,-3.517118
765,2183692320,-10.392959,-73.438896,45.990368,2.279356,-6.226660,-2.475266
766,2183708987,-9.880543,-73.357361,45.517147,1.259066,-4.950661,0.001773
767,2183725654,-10.803461,-73.406227,46.379978,0.145080,-0.769731,0.900938
768,2183742321,-12.578419,-73.700737,48.200695,0.866409,-0.258593,1.609421
769,2183758988,-14.306894,-74.143532,50.353065,0.913471,0.038106,0.234533
770,2183775655,-16.135303,-74.590691,52.888531,-0.702104,0.561722,1.536862
771,2183792322,-18.201376,-74.879326,55.542545,-1.093198,1.233961,1.630599
772,2183808989,-20.469646,-75.022331,58.056103,-0.752537,1.327724,-0.475896
773,2183825656,-22.457863,-75.105835,60.043201,-0.434899,1.514324,-0.726200
774,2183842323,-23.775009,-75.156151,61.275063,0.100477,1.533489,0.678781
775,2183858990,-24.275780,-75.201126,61.807907,-0.081614,0.401228,1.173122
776,2183875657,-23.907835,-75.176544,61.577061,-0.586903,-0.024522,0.481355
777,2183892324,-22.993689,-75.107224,60.803459,-0.570685,-0.097276,0.244069
778,2183908991,-22.017982,-75.010323,59.937691,-0.552328,-0.130707,-0.152340
779,2183925658,-21.214539,-74.929596,59.226593,0.153696,-0.273349,-0.058112
780,2183942325,-20.717855,-74.834389,58.820530,0.574113,-0.062706,0.353160
781,2183958992,-20.725864,-74.747520,58.838459,-0.209808,0.548797,0.196113
782,2183975659,-21.377270,-74.696129,59.326458,0.062843,0.467419,0.421955
783,2183992326,-22.343996,-74.636917,60.125389,1.162098,-1.496303,0.459260
784,2184008993,-23.343929,-74.533295,61.061798,0.847290,-1.436702,0.361694
785,2184025660,-24.319082,-74.425377,62.020931,1.171738,-1.021557,0.828876
786,2184042327,-25.072903,-74.285149,62.834190,1.869344,-0.922263,0.129437
787,2184058994,-25.424267,-74.218704,63.300999,1.674672,-1.476809,-0.783005
788,2184075661,-25.373533,-74.203896,63.422207,1.440545,-1.211641,0.059236
789,2184092328,-24.964863,-74.209595,63.194481,0.994361,-0.859315,0.144284
790,2184108995,-24.295988,-74.249695,62.701183,0.640568,-0.809195,-0.262609
791,2184125662,-23.362469,-74.319550,62.039249,0.622193,-0.914220,0.110825
792,2184142329,-22.313421,-74.376266,61.390327,-0.030747,-0.520813,0.629538
793,2184158996,-21.424931,-74.475060,60.915310,-0.858435,-0.013689,0.597333
794,2184175663,-20.808548,-74.607170,60.687634,-1.090382,-0.185717,1.365130
795,2184192330,-20.366835,-74.805656,60.708668,-1.172725,-0.714147,2.468831
796,2184208997,-19.870083,-75.114487,60.867271,-1.095689,-1.000315,3.083642
797,2184225664,-19.148781,-75.642883,61.154373,-1.126617,-2.156091,3.391945
798,2184242331,-17.826006,-76.469696,61.123924,-1.269078,-3.333854,2.530168
799,2184258998,-15.872725,-77.317047,60.421116,-0.822058,-2.324920,1.971030
800,2184275665,-14.125720,-77.881485,59.818142,1.225176,-3.329461,2.142540
801,2184292332,-13.622559,-77.942940,60.506237,1.538780,-3.085009,2.571685
802,2184308999,-14.276039,-77.691071,61.856419,-0.365050,0.864722,0.730371
803,2184325666,-16.062098,-77.380676,64.152054,0.695300,-1.249045,0.984861
804,2184342333,-18.816727,-76.691986,67.675293,3.909625,-4.436325,-0.297134
805,2184359000,-22.133120,-75.701851,72.258247,4.384001,-3.964975,-2.031599
806,2184375667,-25.825642,-74.397797,77.508804,2.849075,-3.050899,-2.566569
807,2184392334,-29.559935,-72.757690,82.708443,1.818130,-2.621061,-3.527842
808,2184409001,-33.179977,-70.816292,87.352722,1.396808,-2.283809,-5.417832
809,2184425668,-36.479206,-68.732506,91.063576,0.926183,-1.876888,-6.810438
810,2184442335,-39.308712,-66.695869,93.816399,1.366764,-1.178741,-7.227357
811,2184459002,-41.661121,-64.797783,95.819481,2.890980,-0.855457,-7.401385
812,2184475669,-43.386730,-63.129635,97.203117,4.003865,-0.887530,-7.300104
813,2184492336,-44.401031,-61.784752,97.939964,4.076509,-0.258434,-6.292129
814,2184509003,-44.818943,-60.839077,98.108459,2.433416,1.177611,-3.791458
815,2184525670,-44.999233,-60.313454,97.771126,0.164710,2.515958,-1.225866
816,2184542337,-45.429661,-60.167904,97.065178,-1.024433,2.981955,-1.952376
817,2184559004,-46.441597,-60.469173,96.106949,-0.583599,2.707327,-4.059777
818,2184575671,-47.769672,-61.241676,94.885399,0.378850,3.211013,-3.454273
819,2184592338,-48.894451,-62.370789,93.262543,1.532440,5.207931,-0.801727
820,2184609005,-49.629951,-63.518978,91.211212,2.682215,6.928650,0.899046
821,2184625672,-49.837780,-64.459038,89.070961,8.738941,2.038199,4.014606
822,2184642339,-50.260357,-65.198914,89.924530,13.781586,-4.436047,8.541172
823,2184659006,-48.934978,-65.744499,90.727303,-4.755451,-1.593206,2.107939
824,2184675673,-46.113495,-66.759750,90.148010,-6.564072,0.152762,3.653553
825,2184692340,-43.772442,-67.427094,90.023605,-7.998683,-2.702094,12.003355
826,2184709007,-41.463764,-67.687378,89.646751,-9.557711,-0.049786,5.076797
827,2184725674,-39.388767,-67.922623,89.097763,-8.141128,1.616962,2.424351
828,2184742341,-38.191235,-68.137192,89.001389,-7.074041,3.973852,2.279594
829,2184759008,-37.845177,-68.365814,89.341911,-5.585162,4.809466,1.972432
830,2184775675,-38.130894,-68.619461,90.002594,-3.752816,3.474676,1.838278
831,2184792342,-38.407459,-68.843185,90.513557,-2.171664,1.348234,1.082703
832,2184809009,-38.788441,-69.074883,91.017731,-1.728218,0.449030,0.692988
833,2184825676,-39.244907,-69.268707,91.430489,-0.688124,-0.769450,0.891993
834,2184842343,-39.798733,-69.474426,91.859314,-0.419157,-1.758617,1.187206
835,2184859010,-40.403149,-69.668694,92.238235,-0.927688,-1.023160,1.437437
836,2184875677,-40.942577,-69.828445,92.503899,0.324879,-0.542803,0.965549
837,2184892344,-41.403656,-69.992233,92.803955,1.167784,0.009299,0.007855
838,2184909011,-41.731373,-70.180939,93.055351,0.614043,0.500716,-0.120419
839,2184925678,-41.954643,-70.405144,93.184952,0.283225,0.339575,0.524862
840,2184942345,-42.118839,-70.622940,93.222519,0.655976,-0.021737,0.796581
841,2184959012,-42.245079,-70.754036,93.151489,1.906189,1.910311,0.953741
842,2184975679,-42.320126,-70.746613,92.962952,0.819661,2.366185,0.633097
843,2184992346,-42.092663,-70.884285,92.694130,-2.188484,-1.869081,-0.550774
844,2185009013,-42.179535,-71.152328,92.626328,-2.293495,-3.952307,0.019724
845,2185025680,-42.324795,-71.359535,92.526627,0.185760,-1.417926,1.936525
846,2185042347,-42.218212,-71.492180,92.254639,1.236352,2.021717,0.317905
847,2185059014,-42.213100,-71.618462,92.150444,0.799865,2.125932,-0.394128
848,2185075681,-42.122459,-71.724007,92.182594,1.215975,0.530602,0.794384
849,2185092348,-41.906818,-71.795639,92.284019,0.499126,-0.338717,0.872963
850,2185109015,-41.612492,-71.865829,92.247765,-0.720584,-0.473491,-0.311127
851,2185125682,-41.483265,-71.948288,92.144119,-1.114281,-0.443420,-0.502199
852,2185142349,-41.452438,-72.030525,91.953323,-0.652312,-0.266091,0.125914
853,2185159016,-41.337902,-72.104713,91.647514,-0.033735,0.075107,0.661255
854,2185175683,-41.190311,-72.176086,91.352623,0.400201,0.012434,0.374743
855,2185192350,-41.073811,-72.250107,91.120758,0.421365,-0.083265,0.084085
856,2185209017,-40.993111,-72.327538,90.932838,0.462225,-0.136322,0.214906
857,2185225684,-40.815197,-72.396088,90.690956,0.710778,-0.299094,0.342942
858,2185242351,-40.446812,-72.460297,90.333832,0.681607,-0.352060,0.298399
859,2185259018,-39.957474,-72.517311,89.923386,0.160616,-0.233212,0.250816
860,2185275685,-39.438023,-72.591789,89.469643,0.129928,-0.298625,0.145523
861,2185292352,-38.928726,-72.679253,89.018539,0.171077,-0.328289,0.100330
862,2185309019,-38.437889,-72.759819,88.563263,-0.021640,-0.238120,0.030153
863,2185325686,-37.984432,-72.834625,88.126945,-0.177518,-0.112108,0.105710
864,2185342353,-37.519173,-72.913582,87.657684,-0.023318,-0.074929,0.218859
865,2185359020,-37.013008,-72.993378,87.170784,0.147147,-0.159819,0.375920
866,2185375687,-36.481522,-73.068825,86.704498,0.113198,-0.105690,0.511979
867,2185392354,-35.911510,-73.133858,86.246536,-0.179321,-0.030385,0.383972
868,2185409021,-35.380520,-73.150780,85.768799,0.340764,1.398216,0.240774
869,2185425688,-35.188129,-73.031532,85.388947,1.114492,2.998098,1.029421
870,2185442355,-34.346680,-72.947807,84.823555,-1.562195,-2.153297,-1.193035
871,2185459022,-33.722851,-73.102882,84.286972,-1.892948,-4.279036,-0.833934
872,2185475689,-33.473572,-73.237099,83.851830,-1.116486,-1.442870,2.588747
873,2185492356,-33.045330,-73.230492,83.160553,1.410330,2.607579,0.564918
874,2185509023,-32.530094,-73.207176,82.516136,2.489781,2.163583,-1.145744
875,2185525690,-31.779198,-73.189613,82.148636,1.830283,-0.234736,0.517279
876,2185542357,-31.028955,-73.142456,81.948280,-0.684884,-0.991691,1.011842
877,2185559024,-30.334507,-73.091133,81.491943,-1.921439,-0.604978,-0.246965
878,2185575691,-29.908163,-73.089317,80.917473,-1.457273,-0.285881,-0.601950
879,2185592358,-29.684303,-73.094559,80.450790,-0.539531,-0.167417,0.450070
880,2185609025,-29.398521,-73.085320,79.983727,-0.401039,-0.066876,0.596139
881,2185625692,-29.214256,-73.088562,79.640945,-0.591051,-0.049136,0.235710
882,2185642359,-29.219648,-73.102585,79.474380,-0.639490,-0.008192,-0.009001
883,2185659026,-29.361395,-73.126495,79.474396,-0.655400,-0.129852,0.271747
884,2185675693,-29.537611,-73.134705,79.549309,-0.472953,-0.266278,0.410242
885,2185692360,-29.776325,-73.130013,79.703659,-0.337535,-0.110522,0.233522
886,2185709027,-30.085966,-73.130714,79.945259,-0.330499,-0.101272,0.078836
887,2185725694,-30.432533,-73.157570,80.223724,-0.242167,-0.478653,0.119267
888,2185742361,-30.788126,-73.201302,80.500221,-0.003415,-0.620882,0.215939
889,2185759028,-31.155529,-73.252632,80.738617,-0.001711,-0.427289,0.267675
890,2185775695,-31.515255,-73.302673,80.924385,0.251058,-0.193550,0.265212
891,2185792362,-31.799240,-73.358086,81.056427,0.467985,-0.164548,0.213938
892,2185809029,-32.006203,-73.424286,81.171059,0.609502,-0.251150,0.302019
893,2185825696,-32.125946,-73.492195,81.261108,0.523647,-0.354971,0.357140
894,2185842363,-32.174202,-73.566986,81.305061,0.251453,-0.371564,0.270279
895,2185859030,-32.201550,-73.607071,81.288155,0.952186,1.082686,0.462301
896,2185875697,-32.590034,-73.485748,81.338692,2.206399,2.992118,1.782863
897,2185892364,-31.781588,-73.392227,81.040627,-1.571956,-3.911509,-1.712058
898,2185909031,-31.562353,-73.599022,80.862701,-3.137312,-2.865032,-2.093724
899,2185925698,-31.975050,-73.736015,80.929787,-0.914608,-0.049492,3.024705
900,2185942365,-31.902069,-73.741920,80.570007,3.287985,2.248074,0.554939
901,2185959032,-31.480543,-73.768967,80.070961,1.345797,0.964737,-1.215104
902,2185975699,-31.114685,-73.782990,80.061050,0.265896,-0.543752,1.037412
903,2185992366,-31.066347,-73.798660,80.472740,-1.260307,-0.397957,1.291094
904,2186009033,-31.057720,-73.792412,80.603844,-1.634742,-0.101112,-0.266623
905,2186025700,-31.224367,-73.816948,80.592133,-0.801478,-0.210555,-0.888884
906,2186042367,-31.493629,-73.851158,80.674599,-0.306557,-0.382392,0.497113
907,2186059034,-31.652906,-73.901131,80.691673,-0.432326,-0.420071,0.576197
908,2186075701,-32.011436,-73.975418,80.899437,-0.131886,-0.165179,0.400578
909,2186092368,-32.434235,-74.065086,81.223442,0.423089,-0.359866,0.138559
910,2186109035,-32.791542,-74.155876,81.586563,0.336597,-0.631241,0.303226
911,2186125702,-33.083065,-74.245964,81.933289,-0.349087,-0.568536,0.353765
912,2186142369,-33.451881,-74.333771,82.320038,-0.315074,-0.250613,0.266271
913,2186159036,-33.880775,-74.429108,82.751488,0.118242,-0.106082,0.018370
914,2186175703,-34.292477,-74.546036,83.176208,0.269382,-0.371400,-0.131449
915,2186192370,-34.672947,-74.692924,83.547577,0.032189,-0.795296,-0.024326
916,2186209037,-35.063896,-74.867622,83.851204,-0.124233,-0.871939,0.152655
917,2186225704,-35.463799,-75.058487,84.065926,-0.028111,-0.614238,0.140908
918,2186242371,-35.855171,-75.265533,84.218414,0.547155,-0.439815,0.202437
919,2186259038,-36.161514,-75.491081,84.334694,0.983504,-0.580899,0.292618
920,2186275705,-36.340157,-75.731926,84.431244,0.912902,-0.793862,0.280584
921,2186292372,-36.470932,-75.986389,84.564560,0.421339,-0.767993,0.086571
922,2186309039,-36.584633,-76.278008,84.663979,-0.185969,-0.445437,0.003556
923,2186325706,-36.710403,-76.593361,84.703461,-0.101538,-0.389184,0.070772
924,2186342373,-36.842113,-76.923874,84.719978,0.037358,-0.427271,0.104399
925,2186359040,-36.955105,-77.273285,84.713844,-0.063925,-0.483323,0.079133
926,2186375707,-37.029346,-77.643272,84.662209,-0.036552,-0.521547,0.113400
927,2186392374,-37.050842,-78.035553,84.543915,-0.102073,-0.474238,0.087760
928,2186409041,-37.020481,-78.443794,84.357529,-0.036107,-0.446557,0.252108
929,2186425708,-36.992073,-78.857437,84.170280,0.010779,-0.355854,0.075385
930,2186442375,-36.955769,-79.278999,83.992081,0.173484,-0.397918,0.050916
931,2186459042,-36.886177,-79.704613,83.804871,0.023838,-0.228862,0.105041
932,2186475709,-36.842724,-80.143845,83.629730,-0.210067,-0.276666,0.092832
933,2186492376,-36.850853,-80.593727,83.434631,-0.293300,-0.355456,0.007856
934,2186509043,-36.870792,-81.049950,83.196121,-0.065057,-0.532403,0.106114
935,2186525710,-36.816257,-81.507011,82.825394,-0.066788,-0.232897,0.163656
936,2186542377,-36.729084,-81.976158,82.384743,-0.003916,-0.272479,0.026005
937,2186559044,-36.498936,-82.435120,81.744904,-0.070684,-0.197312,0.135700
938,2186575711,-36.089985,-82.892708,80.872375,-0.201100,-0.131343,0.127383
939,2186592378,-35.580681,-83.336945,79.835693,-0.266409,-0.058054,0.098357
940,2186609045,-35.018845,-83.755119,78.778801,0.098512,0.097849,0.135406
941,2186625712,-34.280457,-84.150887,77.719734,-0.118224,0.239249,0.148110
942,2186642379,-33.540035,-84.518700,76.746315,-0.696043,0.538184,0.171352
943,2186659046,-32.887539,-84.863060,75.873505,-0.787968,0.809858,0.185318
944,2186675713,-32.355389,-85.187492,75.185471,-0.386564,0.473952,0.157640
945,2186692380,-32.036583,-85.487160,74.820122,0.083211,0.261443,0.177223
946,2186709047,-32.269321,-85.770988,75.215576,0.819892,-0.610796,0.430348
947,2186725714,-32.607288,-86.043098,75.881561,0.286463,-0.529031,0.205985
948,2186742381,-32.869530,-86.307640,76.467735,-0.012658,-0.369089,0.283306
949,2186759048,-32.921619,-86.541138,76.795433,0.244874,-0.142084,0.358717
950,2186775715,-32.782837,-86.745628,76.960297,0.651940,0.277101,0.154290
951,2186792382,-32.556549,-86.929611,77.163132,1.218387,0.210476,0.316559
952,2186809049,-32.732189,-87.081009,77.991425,0.797891,0.039915,0.365534